City,Number of Accidents,population,Accidents_Population
Abbott,32,364.0,0.08791208791208792
Abernathy,5,2814.0,0.0017768301350390902
Abilene,71,129043.0,0.0005502041955007245
Addison,123,17100.0,0.007192982456140351
Adrian,12,130.0,0.09230769230769231
Alamo,30,20460.0,0.001466275659824047
Alba,2,499.0,0.004008016032064128
Albany,4,1923.0,0.0020800832033281333
Aledo,192,6287.0,0.030539207889295372
Alice,6,17579.0,0.00034131634336424143
Allen,570,111620.0,0.005106611718330049
Alto,2,1054.0,0.0018975332068311196
Alton,2,21130.0,9.46521533364884e-05
Alvarado,111,6225.0,0.01783132530120482
Alvin,55,28633.0,0.001920860545524395
Amarillo,84,202408.0,0.0004150033595510059
Amherst,5,655.0,0.007633587786259542
Anahuac,14,1997.0,0.007010515773660491
Andrews,18,13502.0,0.0013331358317286328
Angleton,129,20206.0,0.0063842423042660594
Anna,47,27501.0,0.0017090287625904513
Anson,2,2302.0,0.0008688097306689834
Anton,2,916.0,0.002183406113537118
Archer,5,1626.0,0.003075030750307503
Argyle,120,5859.0,0.02048131080389145
Arlington,5281,398431.0,0.013254490739927365
Asherton,2,690.0,0.002898550724637681
Athens,8,13503.0,0.0005924609346071244
Atlanta,2,5421.0,0.00036893562073418186
Aubrey,19,8267.0,0.0022982944236119513
Austin,87126,979882.0,0.08891478769892701
Avinger,2,370.0,0.005405405405405406
Azle,6,14562.0,0.00041203131437989287
Baird,15,1526.0,0.009829619921363041
Balch Springs,1099,26711.0,0.041144097937179436
Ballinger,1,3581.0,0.00027925160569673273
Balmorhea,21,384.0,0.0546875
Bandera,1,879.0,0.0011376564277588168
Barstow,5,252.0,0.01984126984126984
Bartlett,3,1616.0,0.0018564356435643563
Bastrop,37,11679.0,0.003168079458857779
Baytown,448,84067.0,0.005329082755421271
Beasley,19,692.0,0.02745664739884393
Beaumont,155,112193.0,0.0013815478684053373
Beckville,6,742.0,0.008086253369272238
Bedford,755,48370.0,0.015608848459789125
Bedias,1,394.0,0.0025380710659898475
Bee Cave,23,8621.0,0.0026679039554576033
Beeville,6,13211.0,0.00045416698206040423
Bellaire,728,17016.0,0.04278326281147156
Bellevue,6,302.0,0.019867549668874173
Bells,6,1521.0,0.0039447731755424065
Bellville,1,4217.0,0.00023713540431586437
Belton,59,25171.0,0.0023439672639148225
Benbrook,5,24336.0,0.000205456936226167
Bertram,6,2060.0,0.002912621359223301
Big Sandy,1,1308.0,0.0007645259938837921
Big Spring,56,22373.0,0.002503017029455147
Big Wells,2,461.0,0.004338394793926247
Bishop,3,3082.0,0.000973393900064893
Blanco,5,2005.0,0.0024937655860349127
Bloomburg,5,329.0,0.015197568389057751
Boerne,122,21774.0,0.005603012767520897
Bogata,2,1095.0,0.0018264840182648401
Bonham,1,10879.0,9.192021325489476e-05
Borger,12,12115.0,0.000990507635163021
Bowie,4,5964.0,0.0006706908115358819
Boyd,1,1757.0,0.0005691519635742744
Brackettville,10,1334.0,0.0074962518740629685
Brady,1,4965.0,0.0002014098690835851
Brazoria,16,2853.0,0.005608131791097091
Breckenridge,6,5140.0,0.0011673151750972762
Bremond,6,873.0,0.006872852233676976
Brenham,5,19142.0,0.0002612057256295058
Bridge,3,9666.0,0.00031036623215394165
Brookshire,226,5667.0,0.03988000705840833
Brownfield,1,8652.0,0.0001155802126675913
Brownsville,13,190158.0,6.836420240010938e-05
Brownwood,8,18790.0,0.0004257583821181479
Bryan,34,89615.0,0.0003794007699603861
Buckholts,2,388.0,0.005154639175257732
Buda,764,16030.0,0.04766063630692452
Buffalo,20,1855.0,0.01078167115902965
Bulverde,10,6970.0,0.0014347202295552368
Burkburnett,6,11089.0,0.0005410767427180089
Burleson,451,55220.0,0.008167330677290837
Burnet,26,6940.0,0.0037463976945244955
Byers,5,472.0,0.01059322033898305
Caddo Mills,12,4183.0,0.002868754482428879
Caldwell,3,4579.0,0.0006551648831622625
Calvert,2,970.0,0.002061855670103093
Cameron,9,5511.0,0.001633097441480675
Camp Wood,1,511.0,0.0019569471624266144
Campbell,1,591.0,0.001692047377326565
Canadian,4,2210.0,0.0018099547511312218
Canton,11,4734.0,0.0023236163920574565
Canyon,8,16171.0,0.0004947127574052315
Carmine,1,248.0,0.004032258064516129
Carrizo Springs,1,4628.0,0.000216076058772688
Carrollton,2431,132918.0,0.01828947170435908
Carthage,6,6601.0,0.0009089531889107711
Castroville,9,3141.0,0.0028653295128939827
Cedar Hill,119,48411.0,0.0024581190225362003
Cedar Park,670,77516.0,0.008643376851230714
Celina,1,43317.0,2.3085624581573056e-05
Center,1,5163.0,0.0001936858415649816
Centerville,6,949.0,0.006322444678609062
Channing,5,264.0,0.01893939393939394
Childress,5,5770.0,0.0008665511265164644
Chillicothe,4,542.0,0.007380073800738007
Cibolo,5,36374.0,0.00013746082366525541
Cisco,54,4006.0,0.01347978032950574
Clarendon,14,1859.0,0.007530930607853685
Clarksville,5,785.0,0.006369426751592357
Clarksville,5,2876.0,0.0017385257301808068
Claude,9,1186.0,0.007588532883642495
Cleburne,10,36209.0,0.0002761744317711066
Cleveland,25,9113.0,0.0027433336991111597
Clint,69,1014.0,0.06804733727810651
Clute,18,10704.0,0.0016816143497757848
Clyde,9,3985.0,0.002258469259723965
Coahoma,6,902.0,0.0066518847006651885
Coldspring,1,866.0,0.0011547344110854503
Coleman,7,3966.0,0.0017650025214321734
College Station,15,125192.0,0.00011981596268132149
Colleyville,19,25736.0,0.000738265464718682
Collinsville,1,2023.0,0.0004943153732081067
Colmesneil,3,546.0,0.005494505494505495
Colorado,39,3987.0,0.009781790820165538
Columbus,25,3786.0,0.006603275224511358
Comanche,14,4294.0,0.0032603632976245926
Conroe,1029,108248.0,0.009505949301603724
Converse,255,30321.0,0.008410012862372612
Cooper,2,2025.0,0.0009876543209876543
Coppell,214,41404.0,0.0051685827456284415
Copperas Cove,18,38696.0,0.00046516435807318586
Corinth,7,23707.0,0.00029527143881553973
Corpus Christi,80,316595.0,0.0002526887664050285
Corrigan,11,1435.0,0.007665505226480836
Corsicana,44,25671.0,0.00171399633828055
Cotulla,51,3612.0,0.014119601328903655
Coupland,78,295.0,0.26440677966101694
Crandall,36,4995.0,0.007207207207207207
Crane,4,3362.0,0.001189767995240928
Creedmoor,60,425.0,0.1411764705882353
Cresson,4,1983.0,0.002017145738779627
Crockett,17,6286.0,0.002704422526248807
Crowley,25,19932.0,0.0012542644992976119
Crystal,11,6099.0,0.0018035743564518774
Cuero,1,8204.0,0.00012189176011701609
Cumby,4,706.0,0.0056657223796034
Daingerfield,5,2502.0,0.0019984012789768186
Dalhart,18,8353.0,0.0021549144020112532
Dallas,119311,1302868.0,0.09157566230807726
Danbury,12,1675.0,0.007164179104477612
Dawson,3,817.0,0.0036719706242350062
Dayton,13,9693.0,0.0013411740431239039
De Kalb,8,1461.0,0.0054757015742642025
De Leon,4,2337.0,0.0017115960633290544
Decatur,16,8016.0,0.001996007984031936
Deer Park,212,33176.0,0.006390161562575355
Del Rio,9,34574.0,0.0002603112165210852
Dell,2,271.0,0.007380073800738007
Denison,11,26343.0,0.0004175682344455833
Denton,1737,158349.0,0.01096944091847754
Detroit,1,707.0,0.0014144271570014145
Devine,5,4580.0,0.001091703056768559
Diboll,17,4551.0,0.0037354427598330037
Dickens,1,208.0,0.004807692307692308
Dickinson,246,21834.0,0.011266831547128332
Dilley,9,3333.0,0.0027002700270027003
Dimmitt,8,4071.0,0.0019651191353475803
Donna,7,16782.0,0.00041711357406745323
Dripping Springs,65,8689.0,0.007480722752905973
Dublin,2,3422.0,0.0005844535359438924
Dumas,3,14291.0,0.0002099223287383668
Duncanville,1101,38883.0,0.028315716379908956
Eagle Lake,3,3508.0,0.0008551881413911061
Eagle Pass,4,28282.0,0.0001414327133866063
Earth,2,897.0,0.002229654403567447
East Bernard,10,2240.0,0.004464285714285714
Eastland,25,3645.0,0.006858710562414266
Edcouch,4,2677.0,0.0014942099364960778
Eden,9,1834.0,0.004907306434023991
Edinburg,76,105799.0,0.0007183432735659127
Edna,11,6012.0,0.001829673985362608
El Campo,9,12062.0,0.000746144917924059
El Paso,15293,678958.0,0.022524220938555845
Electra,19,2272.0,0.008362676056338027
Elgin,233,12304.0,0.018936931079323798
Elmendorf,89,2398.0,0.03711426188490409
Emory,1,1366.0,0.0007320644216691069
Encinal,12,521.0,0.023032629558541268
Ennis,126,23686.0,0.005319598074812125
Euless,654,59686.0,0.010957343430620246
Eustace,1,1157.0,0.000864304235090752
Fairfield,11,2972.0,0.0037012113055181696
Falfurrias,7,4420.0,0.001583710407239819
Farmersville,5,4175.0,0.0011976047904191617
Farwell,4,1380.0,0.002898550724637681
Fate,21,24626.0,0.0008527572484366117
Fayetteville,2,250.0,0.008
Ferris,159,3370.0,0.04718100890207715
Flatonia,13,1371.0,0.009482129832239242
Florence,49,1203.0,0.040731504571903575
Flower Mound,4,79445.0,5.034929825665555e-05
Floydada,4,2519.0,0.0015879317189360857
Forest Hill,80,14157.0,0.005650914741823832
Forney,611,35470.0,0.0172258246405413
Fort Stockton,53,8113.0,0.006532725255762357
Fort Worth,15463,978468.0,0.015803276141887115
Franklin,3,1728.0,0.001736111111111111
Frankston,7,1111.0,0.0063006300630063005
Fredericksburg,25,11542.0,0.002166002425922717
Freeport,34,10550.0,0.0032227488151658767
Friendswood,333,40826.0,0.008156566893646206
Frisco,272,225007.0,0.0012088512801823944
Fritch,3,1794.0,0.0016722408026755853
Fulshear,3,42616.0,7.039609536324385e-05
Gainesville,21,18107.0,0.0011597724636880765
Galena Park,6,10271.0,0.0005841690195696621
Galveston,152,53237.0,0.0028551571275616584
Ganado,9,2007.0,0.004484304932735426
Garland,2414,243470.0,0.009914979258224833
Garrison,1,817.0,0.0012239902080783353
Gary,1,338.0,0.0029585798816568047
Gatesville,3,16148.0,0.0001857815209313847
George West,1,2167.0,0.00046146746654360867
Georgetown,518,96312.0,0.0053783536838607855
Giddings,7,5254.0,0.0013323182337266844
Gilmer,7,5100.0,0.0013725490196078432
Gladewater,4,6272.0,0.0006377551020408163
Glen Rose,2,2887.0,0.0006927606511950121
Glenn Heights,1,18793.0,5.321130208056191e-05
Godley,2,3589.0,0.0005572582892170521
Goldsmith,6,226.0,0.02654867256637168
Goldthwaite,13,1762.0,0.0073779795686719635
Goliad,18,1683.0,0.0106951871657754
Gonzales,7,7221.0,0.0009693948206619581
Goodrich,1,278.0,0.0035971223021582736
Gordon,8,489.0,0.016359918200409
Graford,10,717.0,0.01394700139470014
Graham,2,8819.0,0.00022678308198208414
Granbury,11,12622.0,0.0008714942164474727
Grand Prairie,3951,202134.0,0.019546439490634924
Grandview,45,1926.0,0.02336448598130841
Granger,5,1193.0,0.004191114836546521
Granite Shoals,3,5451.0,0.000550357732526142
Grapeland,2,1487.0,0.0013449899125756557
Grapevine,909,50928.0,0.017848727615457118
Greenville,48,32717.0,0.001467127181587554
Groom,8,549.0,0.014571948998178506
Groves,5,16764.0,0.0002982581722739203
Groveton,14,934.0,0.014989293361884369
Gruver,4,1083.0,0.003693444136657433
Gun Barrel,1,6824.0,0.00014654161781946072
Gunter,1,2463.0,0.0004060089321965083
Hale Center,3,1997.0,0.0015022533800701052
Hallettsville,2,2756.0,0.000725689404934688
Hallsville,15,4812.0,0.003117206982543641
Haltom,248,45290.0,0.005475822477368072
Hamilton,5,2997.0,0.001668335001668335
Hamlin,2,1851.0,0.0010804970286331713
Harker Heights,4,34447.0,0.00011612041687229658
Harlingen,20,71510.0,0.00027968116347364006
Harwood,14,52.0,0.2692307692307692
Haskell,4,3058.0,0.0013080444735120995
Haslet,52,3861.0,0.013468013468013467
Hawley,4,567.0,0.007054673721340388
Hearne,6,4535.0,0.001323042998897464
Hedley,3,265.0,0.011320754716981131
Helotes,16,9952.0,0.001607717041800643
Hemphill,5,1033.0,0.00484027105517909
Hempstead,68,6537.0,0.010402325225638671
Henderson,7,13464.0,0.0005199049316696376
Henrietta,17,3239.0,0.005248533497993208
Hereford,37,14752.0,0.002508134490238612
Hickory Creek,15,5688.0,0.0026371308016877636
Hico,4,1460.0,0.0027397260273972603
Hidalgo,2,14678.0,0.0001362583458236817
Hillsboro,59,8703.0,0.006779271515569344
Hitchcock,44,7710.0,0.005706874189364461
Holliday,12,1650.0,0.007272727272727273
Hondo,5,8786.0,0.0005690871841566128
Hooks,10,2484.0,0.004025764895330112
Horizon,5,24168.0,0.00020688513737173123
Horseshoe Bay,2,5063.0,0.00039502271380604387
Houston,156968,2314157.0,0.06782945150221009
Howe,6,3673.0,0.0016335420637081405
Hudson Oaks,5,2656.0,0.0018825301204819277
Humble,2344,16237.0,0.1443616431606824
Huntington,5,2062.0,0.0024248302618816685
Huntsville,65,48552.0,0.0013387708024386225
Hurst,608,39304.0,0.015469163443924282
Hutchins,292,6149.0,0.04748739632460563
Hutto,154,38765.0,0.003972655746162776
Idalou,6,2106.0,0.002849002849002849
Industry,2,282.0,0.0070921985815602835
Iola,4,339.0,0.011799410029498525
Iowa Park,24,6578.0,0.0036485253876558225
Iraan,2,995.0,0.0020100502512562816
Iredell,2,318.0,0.006289308176100629
Irving,5171,254373.0,0.020328415358548273
Italy,32,2079.0,0.015392015392015393
Itasca,6,1831.0,0.0032768978700163844
Jacksonville,7,14420.0,0.0004854368932038835
Jarrell,55,3980.0,0.013819095477386936
Jasper,2,7470.0,0.0002677376171352075
Jefferson,19,1851.0,0.010264721772015126
Jersey,10,7653.0,0.0013066771200836273
Johnson,14,2037.0,0.006872852233676976
Jonestown,96,2595.0,0.03699421965317919
Joshua,8,8901.0,0.0008987754184923043
Jourdanton,3,4304.0,0.0006970260223048327
Junction,39,2531.0,0.015408929276965626
Justin,52,5892.0,0.008825526137135099
Karnes,7,3112.0,0.002249357326478149
Katy,834,26360.0,0.03163884673748103
Kaufman,25,9201.0,0.002717095967829584
Keene,4,6860.0,0.0005830903790087463
Keller,16,46316.0,0.00034545297521374905
Kemah,16,2562.0,0.00624512099921936
Kemp,4,1348.0,0.002967359050445104
Kempner,1,1269.0,0.0007880220646178094
Kenedy,1,3403.0,0.0002938583602703497
Kennard,1,281.0,0.0035587188612099642
Kennedale,58,10052.0,0.0057699960206923995
Kermit,37,5952.0,0.006216397849462365
Kerrville,14,24930.0,0.0005615724027276374
Kilgore,17,13523.0,0.0012571175035125343
Killeen,11,159643.0,6.890374147316199e-05
Kingsbury,6,137.0,0.043795620437956206
Kingsville,2,24586.0,8.134710811030668e-05
Knox,3,1046.0,0.0028680688336520078
Kountze,3,2131.0,0.0014077897700610043
Krum,7,6548.0,0.0010690287110568112
Kyle,290,62548.0,0.004636439214683124
La Feria,3,6758.0,0.0004439183190292986
La Grange,15,4541.0,0.0033032371724289805
La Joya,2,4863.0,0.00041126876413736374
La Marque,122,19605.0,0.006222902320836521
La Porte,226,36991.0,0.006109594225622449
Lago Vista,57,10009.0,0.005694874612848436
Lake Dallas,479,7917.0,0.060502715675129465
Lake Jackson,38,27768.0,0.0013684817055603573
Lakeway,50,19189.0,0.002605659492417531
Lamesa,10,8266.0,0.0012097749818533753
Lampasas,8,7855.0,0.0010184595798854233
Lancaster,1147,40215.0,0.028521695884620165
Laredo,80,257602.0,0.0003105565950574918
Lavon,2,7495.0,0.000266844563042028
League,337,116320.0,0.0028971801925722148
Leander,543,80067.0,0.006781820225561092
Leona,2,166.0,0.012048192771084338
Leonard,4,2083.0,0.0019203072491598655
Levelland,8,12530.0,0.0006384676775738228
Lewisville,1913,133553.0,0.014323901372488825
Liberty,12,8774.0,0.0013676772281741509
Liberty Hill,64,10428.0,0.006137322593018795
Lindale,27,6923.0,0.00390004333381482
Linden,7,1813.0,0.003861003861003861
Lipan,4,533.0,0.0075046904315197
Little Elm,12,58496.0,0.00020514223194748358
Littlefield,14,5768.0,0.0024271844660194173
Live Oak,66,15988.0,0.00412809607205404
Liverpool,8,530.0,0.01509433962264151
Livingston,12,5747.0,0.0020880459370106142
Llano,4,3511.0,0.0011392765593847907
Lockhart,76,15318.0,0.004961483222352787
Lockney,1,1414.0,0.0007072135785007072
Lone Oak,1,781.0,0.0012804097311139564
Longview,231,83236.0,0.0027752414820510357
Loraine,7,508.0,0.013779527559055118
Lorena,11,1803.0,0.006100942872989462
Los Fresnos,10,8362.0,0.001195886151638364
Lovelady,1,584.0,0.0017123287671232876
Lubbock,56,266878.0,0.00020983370678737102
Lufkin,78,34181.0,0.002281969515227758
Luling,41,5754.0,0.007125477928397636
Lumberton,3,14129.0,0.00021232925189326916
Lyford,1,2207.0,0.00045310376076121433
Lytle,8,3178.0,0.0025173064820641915
Mabank,8,6396.0,0.0012507817385866166
Madisonville,13,4602.0,0.002824858757062147
Magnolia,34,5320.0,0.006390977443609023
Malakoff,6,2251.0,0.0026654820079964462
Manor,3487,20209.0,0.1725468850512148
Mansfield,144,78542.0,0.001833413969595885
Manvel,202,17261.0,0.011702682347488558
Marble Falls,82,7573.0,0.01082794137065892
Marfa,1,1674.0,0.0005973715651135006
Marion,36,1074.0,0.0335195530726257
Marlin,7,5563.0,0.001258313859428366
Marshall,45,24118.0,0.0018658263537606767
Mart,5,1849.0,0.0027041644131963224
Mason,4,2116.0,0.001890359168241966
Mathis,8,4285.0,0.0018669778296382731
Maud,2,966.0,0.002070393374741201
McAllen,25,146593.0,0.00017054020314749
McKinney,405,213509.0,0.001896875541546258
McLean,3,648.0,0.004629629629629629
Meadow,10,613.0,0.01631321370309951
Meadows Place,5,4596.0,0.0010879025239338555
Melissa,50,23571.0,0.002121250689406474
Melvin,1,123.0,0.008130081300813009
Memphis,3,2035.0,0.0014742014742014742
Menard,6,1343.0,0.004467609828741623
Mercedes,2,16732.0,0.00011953143676786995
Meridian,1,1429.0,0.0006997900629811056
Merkel,16,2433.0,0.006576243321002877
Mesquite,5903,147317.0,0.04007005301492699
Mexia,1,6859.0,0.0001457938474996355
Midland,88,138397.0,0.0006358519332066447
Midlothian,42,41352.0,0.0010156703424260012
Milano,3,425.0,0.007058823529411765
Milford,23,778.0,0.02956298200514139
Millsap,15,414.0,0.036231884057971016
Mineola,5,5119.0,0.0009767532721234617
Mineral Wells,5,15454.0,0.0003235408308528536
Mingus,3,236.0,0.012711864406779662
Mission,100,87292.0,0.0011455803510058195
Missouri,385,76773.0,0.0050147838432782355
Monahans,17,7311.0,0.0023252633018738885
Montgomery,32,2769.0,0.01155651859877212
Moody,4,1618.0,0.002472187886279357
Moulton,4,859.0,0.004656577415599534
Mount Pleasant,21,16055.0,0.0013080037371535347
Mount Vernon,3,2557.0,0.0011732499022291747
Muenster,3,1665.0,0.0018018018018018018
Muleshoe,11,4970.0,0.0022132796780684103
Mullin,3,131.0,0.022900763358778626
Munday,1,1222.0,0.0008183306055646482
Nacogdoches,23,32156.0,0.0007152630924244309
Naples,22,1401.0,0.015703069236259814
Natalia,5,1336.0,0.0037425149700598802
Navasota,12,8969.0,0.0013379417995317204
Nederland,3,18118.0,0.00016558118997681863
Needville,17,3088.0,0.005505181347150259
Nevada,1,1419.0,0.0007047216349541931
New Boston,14,4548.0,0.0030782761653474055
New Braunfels,582,110958.0,0.0052452279240793815
New Waverly,20,986.0,0.02028397565922921
Newcastle,1,535.0,0.001869158878504673
Nixon,5,2389.0,0.002092925910422771
Nocona,9,3190.0,0.0028213166144200625
North Richland Hills,365,70658.0,0.0051657278722862235
Oakwood,1,404.0,0.0024752475247524753
Odem,5,2302.0,0.002172024326672459
Odessa,103,115743.0,0.00088990262910068
Olton,2,1926.0,0.0010384215991692627
Omaha,5,932.0,0.00536480686695279
Orange,43,19108.0,0.002250366338706301
Orange Grove,1,1178.0,0.0008488964346349745
Ore,1,1175.0,0.000851063829787234
Overton,1,2316.0,0.0004317789291882556
Paducah,3,990.0,0.0030303030303030303
Palacios,1,4374.0,0.00022862368541380886
Palestine,15,19372.0,0.0007743134420813545
Palmer,44,2555.0,0.01722113502935421
Palmview,2,15874.0,0.00012599218848431397
Pampa,8,16543.0,0.0004835882246267303
Panhandle,8,2358.0,0.0033927056827820186
Pantego,2,2481.0,0.0008061265618702137
Paris,1,24969.0,4.0049661580359644e-05
Pasadena,1102,146716.0,0.007511109899397475
Pattison,2,624.0,0.003205128205128205
Pearland,322,127736.0,0.002520824199912319
Pearsall,12,8946.0,0.0013413816230717639
Pecan Gap,1,186.0,0.005376344086021506
Penitas,2,6331.0,0.000315905860053704
Perryton,4,8219.0,0.000486677211339579
Petrolia,7,539.0,0.012987012987012988
Pflugerville,3281,65301.0,0.05024425353363655
Pharr,58,80410.0,0.0007213033204825271
Pilot Point,3,5884.0,0.0005098572399728076
Pinehurst,19,2226.0,0.008535489667565139
Pineland,2,902.0,0.0022172949002217295
Plains,13,1328.0,0.009789156626506024
Plainview,14,19420.0,0.0007209062821833162
Plano,2438,290190.0,0.008401392191322927
Plantersville,10,502.0,0.0199203187250996
Pleasanton,14,11195.0,0.0012505582849486377
Ponder,1,2757.0,0.0003627130939426913
Port Arthur,8,55547.0,0.00014402217941563
Port Lavaca,14,11212.0,0.0012486621476988941
Portland,11,20481.0,0.0005370831502368048
Post,9,3486.0,0.0025817555938037868
Pottsboro,1,2779.0,0.0003598416696653472
Princeton,11,28027.0,0.00039247868127163094
Prosper,8,41660.0,0.00019203072491598655
Pyote,3,67.0,0.04477611940298507
Quanah,2,2226.0,0.0008984725965858042
Queen,9,1400.0,0.0064285714285714285
Quinlan,3,1537.0,0.001951854261548471
Quitman,5,2015.0,0.0024813895781637717
Ralls,4,1578.0,0.0025348542458808617
Ranger,10,2282.0,0.0043821209465381246
Ravenna,2,187.0,0.0106951871657754
Raymondville,6,10135.0,0.0005920078934385792
Red Oak,120,18624.0,0.006443298969072165
Refugio,1,2757.0,0.0003627130939426913
Reno,2,3544.0,0.000564334085778781
Reno,2,3489.0,0.0005732301519059903
Rhome,9,1843.0,0.0048833423765599565
Rice,25,1227.0,0.020374898125509373
Richardson,2492,117435.0,0.021220249499723252
Richland,2,273.0,0.007326007326007326
Richland Hills,11,8323.0,0.0013216388321518682
Richland Springs,1,247.0,0.004048582995951417
Richmond,180,12816.0,0.014044943820224719
Riesel,1,1062.0,0.0009416195856873823
Rio Grande,10,15311.0,0.0006531252041016263
Rio Hondo,4,2295.0,0.0017429193899782135
Rio Vista,2,1190.0,0.0016806722689075631
Rising Star,5,771.0,0.00648508430609598
River Oaks,1,7370.0,0.000135685210312076
Roanoke,191,10798.0,0.017688460826078903
Robinson,1,12987.0,7.7000077000077e-05
Robstown,4,10335.0,0.00038703434929850025
Rockdale,5,5588.0,0.0008947745168217609
Rocksprings,4,848.0,0.0047169811320754715
Rockwall,1003,52918.0,0.018953853131259683
Roma,2,11554.0,0.00017310022503029253
Roscoe,28,1220.0,0.022950819672131147
Rosebud,1,1339.0,0.0007468259895444362
Rosenberg,118,41104.0,0.0028707668353444922
Rotan,5,1309.0,0.0038197097020626434
Round Mountain,34,116.0,0.29310344827586204
Round Rock,1411,130406.0,0.01082005429198043
Round Top,1,93.0,0.010752688172043012
Rowlett,579,66813.0,0.00866597817789951
Royse,343,24138.0,0.014209959400116
Rule,2,556.0,0.0035971223021582736
Runge,5,946.0,0.005285412262156448
Rusk,6,5362.0,0.0011189854531891085
Sabinal,3,1377.0,0.002178649237472767
Sachse,29,32294.0,0.0008979996284139469
Saginaw,10,25139.0,0.00039778829706830024
Salado,39,2394.0,0.016290726817042606
San Angelo,12,99262.0,0.0001208921843202837
San Antonio,35686,1495295.0,0.023865524862986903
San Augustine,4,1867.0,0.0021424745581146223
San Benito,14,24493.0,0.0005715918833952558
San Elizario,24,10164.0,0.0023612750885478157
San Juan,24,36448.0,0.0006584723441615452
San Marcos,581,71569.0,0.008118039933490757
San Saba,1,3115.0,0.00032102728731942215
Sanger,197,9831.0,0.020038653239751805
Santa Anna,1,1030.0,0.000970873786407767
Santa Fe,26,12980.0,0.002003081664098613
Savoy,8,753.0,0.010624169986719787
Schertz,563,43239.0,0.013020652651541433
Schulenburg,12,2783.0,0.004311893639956881
Seabrook,28,13662.0,0.0020494803103498754
Seadrift,4,1009.0,0.003964321110009911
Seagoville,103,19643.0,0.005243598228376521
Sealy,55,7243.0,0.007593538588982466
Seguin,120,36013.0,0.003332130064143504
Selma,52,11748.0,0.004426285325161729
Seminole,2,7231.0,0.00027658691743880515
Seymour,13,2576.0,0.005046583850931677
Shallowater,15,2932.0,0.005115961800818554
Shamrock,4,1709.0,0.0023405500292568754
Shavano Park,3,3722.0,0.0008060182697474476
Shenandoah,38,3807.0,0.00998161281849225
Shepherd,16,2005.0,0.00798004987531172
Sherman,49,47473.0,0.0010321656520548522
Shiner,3,2163.0,0.0013869625520110957
Silsbee,1,6775.0,0.00014760147601476016
Sinton,2,5551.0,0.0003602954422626554
Slaton,4,5684.0,0.0007037297677691766
Smithville,12,4126.0,0.00290838584585555
Snyder,8,11187.0,0.000715115759363547
Socorro,87,38238.0,0.0022752235995606466
Somerset,2,1806.0,0.0011074197120708748
Somerville,1,1419.0,0.0007047216349541931
Sonora,9,2391.0,0.0037641154328732747
Sour Lake,1,1851.0,0.0005402485143165856
South Houston,53,15808.0,0.003352732793522267
Southlake,204,31137.0,0.006551690914346276
Splendora,19,1958.0,0.009703779366700716
Spring Branch,6,244.0,0.02459016393442623
Springlake,1,141.0,0.0070921985815602835
Springtown,5,4181.0,0.001195886151638364
Stafford,483,17338.0,0.027857884415734224
Stamford,1,2942.0,0.0003399048266485384
Stanton,47,2654.0,0.017709118311981915
Stephenville,7,21946.0,0.00031896473161396156
Sterling,1,1138.0,0.0008787346221441124
Stinnett,6,1613.0,0.0037197768133911966
Stockdale,2,1470.0,0.0013605442176870747
Stratford,21,1886.0,0.011134676564156946
Strawn,3,561.0,0.0053475935828877
Streetman,11,267.0,0.04119850187265917
Sudan,3,933.0,0.003215434083601286
Sugar Land,444,108515.0,0.004091600239598212
Sullivan,1,3899.0,0.00025647601949217746
Sulphur Springs,6,16564.0,0.0003622313450857281
Sunnyvale,537,8486.0,0.06328069761960876
Sunset Valley,42,624.0,0.0673076923076923
Sweeny,8,3570.0,0.002240896358543417
Sweetwater,54,10285.0,0.005250364608653379
Tahoka,1,2427.0,0.00041203131437989287
Talco,1,488.0,0.0020491803278688526
Tatum,1,1377.0,0.0007262164124909223
Taylor,20,17337.0,0.0011536021226279055
Teague,21,3536.0,0.005938914027149321
Temple,142,93095.0,0.0015253235941779903
Terrell,324,21480.0,0.015083798882681564
Texarkana,62,35741.0,0.0017347024425729554
Texas,105,56609.0,0.0018548287374799061
Texline,2,464.0,0.004310344827586207
The Colony,107,45471.0,0.0023531481603659477
The Hills,15,2372.0,0.006323777403035413
Thornton,2,423.0,0.004728132387706856
Thrall,9,865.0,0.010404624277456647
Timpson,8,1002.0,0.007984031936127744
Tolar,1,1227.0,0.0008149959250203749
Tomball,343,14201.0,0.02415322864587001
Trent,5,294.0,0.017006802721088437
Trenton,2,815.0,0.00245398773006135
Trinity,1,2449.0,0.0004083299305839118
Troy,94,3169.0,0.02966235405490691
Tyler,3215,110327.0,0.029140645535544338
Universal,29,20028.0,0.0014479728380267626
Uvalde,19,15436.0,0.0012308888313034465
Valley View,3,864.0,0.003472222222222222
Van,6,2862.0,0.0020964360587002098
Van Alstyne,4,6782.0,0.0005897965202005308
Van Horn,30,1961.0,0.015298317185109638
Vega,6,884.0,0.006787330316742082
Venus,9,7528.0,0.001195536663124336
Vernon,9,9788.0,0.0009194932570494483
Victoria,36,65800.0,0.000547112462006079
Vidor,17,9738.0,0.0017457383446292873
Volente,38,503.0,0.07554671968190854
Von Ormy,216,1194.0,0.18090452261306533
Waco,353,144816.0,0.002437575958457629
Waelder,11,955.0,0.011518324607329843
Waller,37,3368.0,0.010985748218527316
Wallis,5,1349.0,0.0037064492216456633
Warren,2,321.0,0.006230529595015576
Waskom,23,1940.0,0.011855670103092783
Watauga,2,22934.0,8.720676724513822e-05
Waxahachie,403,47201.0,0.008537954704349484
Weatherford,376,38109.0,0.009866435750085282
Webberville,22,451.0,0.04878048780487805
Webster,770,12182.0,0.0632080118207191
Weimar,10,2152.0,0.004646840148698885
Weinert,1,170.0,0.0058823529411764705
Wells,1,879.0,0.0011376564277588168
Weslaco,7,43053.0,0.0001625902956820663
West,27,2586.0,0.010440835266821345
West Columbia,5,3616.0,0.0013827433628318584
West Lake Hills,315,3181.0,0.09902546369066331
Westbrook,22,205.0,0.1073170731707317
Wharton,22,8742.0,0.0025165865934568747
Wheeler,2,1446.0,0.0013831258644536654
White Deer,3,995.0,0.003015075376884422
Whitehouse,5,9571.0,0.0005224114512590116
Whitesboro,5,4181.0,0.001195886151638364
Whitewright,4,1776.0,0.0022522522522522522
Whitney,3,2090.0,0.0014354066985645933
Wichita Falls,2093,102691.0,0.02038153294835964
Willis,101,6964.0,0.014503159103963239
Willow Park,5,6630.0,0.0007541478129713424
Wills Point,63,3981.0,0.015825169555388093
Wilmer,100,6385.0,0.015661707126076743
Wilson,1,446.0,0.002242152466367713
Wimberley,5,2881.0,0.0017355085039916696
Windcrest,44,5759.0,0.007640215315158882
Windthorst,6,352.0,0.017045454545454544
Winfield,6,422.0,0.014218009478672985
Wink,5,876.0,0.005707762557077625
Winnsboro,1,3614.0,0.0002767017155506364
Winona,10,679.0,0.014727540500736377
Winters,1,2319.0,0.00043122035360068997
Wolfforth,1,7258.0,0.00013777900248002206
Woodsboro,1,1280.0,0.00078125
Woodville,8,2404.0,0.0033277870216306157
Woodway,7,9680.0,0.0007231404958677686
Wylie,16,61078.0,0.0002619601165722519
Yoakum,1,5862.0,0.000170590242238144
Yorktown,4,1793.0,0.002230897936419409
Zavalla,5,610.0,0.00819672131147541
